{
    "cn_csi300_open_CSRankNorm_mse_IdentityReweighter": {
        "excess_return_without_cost": {
            "mean": 0.000987970146467028,
            "std": 0.00979621090031934,
            "annualized_return": 0.23513689485915268,
            "information_ratio": 1.5558731058681885,
            "max_drawdown": -0.18345764747381604
        },
        "excess_return_with_cost": {
            "mean": 0.0004643891009801698,
            "std": 0.009797505538865268,
            "annualized_return": 0.11052460603328042,
            "information_ratio": 0.7312316475934943,
            "max_drawdown": -0.2322261639140082
        }
    },
    "cn_csi300_open_CSRankNorm_mse_IdentityReweighter_neutralize": {
        "excess_return_without_cost": {
            "mean": 0.0006756525716874494,
            "std": 0.009632235346360487,
            "annualized_return": 0.16080531206161297,
            "information_ratio": 1.082143430856785,
            "max_drawdown": -0.16759588819832472
        },
        "excess_return_with_cost": {
            "mean": 0.00042628750012394727,
            "std": 0.009630092040579704,
            "annualized_return": 0.10145642502949945,
            "information_ratio": 0.6829055444671921,
            "max_drawdown": -0.19797375149421947
        }
    },
    "cn_csi300_open_CSZScoreNorm_mse_IdentityReweighter": {
        "excess_return_without_cost": {
            "mean": 0.001380094945575611,
            "std": 0.009732012069135048,
            "annualized_return": 0.32846259704699543,
            "information_ratio": 2.187735454302611,
            "max_drawdown": -0.10674451327538714
        },
        "excess_return_with_cost": {
            "mean": 0.0007661617336986852,
            "std": 0.009732369018701517,
            "annualized_return": 0.18234649262028707,
            "information_ratio": 1.214480002412785,
            "max_drawdown": -0.13976082839358217
        }
    },
    "cn_csi300_open_CSZScoreNorm_mse_IdentityReweighter_neutralize": {
        "excess_return_without_cost": {
            "mean": 0.0010457512391653905,
            "std": 0.010760136266919596,
            "annualized_return": 0.24888879492136295,
            "information_ratio": 1.4993364360489099,
            "max_drawdown": -0.20869383242799988
        },
        "excess_return_with_cost": {
            "mean": 0.0007408890882205275,
            "std": 0.010757185644005546,
            "annualized_return": 0.17633160299648554,
            "information_ratio": 1.0625344344218606,
            "max_drawdown": -0.30077589505822877
        }
    }
}