{
    "cn_csi300_open_CSRankNorm_mse_IdentityReweighter": {
        "excess_return_without_cost": {
            "mean": 0.000786103997989396,
            "std": 0.01212668102481162,
            "annualized_return": 0.18709275152147625,
            "information_ratio": 1.0000610879243002,
            "max_drawdown": -0.22286123014600412
        },
        "excess_return_with_cost": {
            "mean": 0.0006776970047285735,
            "std": 0.012125609952763074,
            "annualized_return": 0.1612918871254005,
            "information_ratio": 0.8622246816508896,
            "max_drawdown": -0.22286123014600412
        }
    },
    "cn_csi300_open_CSRankNorm_mse_IdentityReweighter_neutralize": {
        "excess_return_without_cost": {
            "mean": 0.0009877109097507601,
            "std": 0.00933203864869276,
            "annualized_return": 0.2350751965206809,
            "information_ratio": 1.6328331186327352,
            "max_drawdown": -0.13908970005903043
        },
        "excess_return_with_cost": {
            "mean": 0.0008994225399366073,
            "std": 0.009332961699862564,
            "annualized_return": 0.21406256450491254,
            "information_ratio": 1.4867322490700137,
            "max_drawdown": -0.13908970005903043
        }
    },
    "cn_csi300_open_CSZScoreNorm_mse_IdentityReweighter": {
        "excess_return_without_cost": {
            "mean": 0.0007885947866965013,
            "std": 0.009848128478800426,
            "annualized_return": 0.1876855592337673,
            "information_ratio": 1.235346173785064,
            "max_drawdown": -0.13802739590123692
        },
        "excess_return_with_cost": {
            "mean": 0.0006616795708763776,
            "std": 0.00984365002726327,
            "annualized_return": 0.15747973786857788,
            "information_ratio": 1.0370030647951727,
            "max_drawdown": -0.13802739590123692
        }
    },
    "cn_csi300_open_CSZScoreNorm_mse_IdentityReweighter_neutralize": {
        "excess_return_without_cost": {
            "mean": 0.0010418936847937015,
            "std": 0.011734618820407912,
            "annualized_return": 0.24797069698090093,
            "information_ratio": 1.3697550093004047,
            "max_drawdown": -0.21394876249416495
        },
        "excess_return_with_cost": {
            "mean": 0.0009220279446053595,
            "std": 0.01172559386621655,
            "annualized_return": 0.21944265081607556,
            "information_ratio": 1.2131031058048638,
            "max_drawdown": -0.2139487624941645
        }
    }
}