{
    "cn_csi300_open_CSRankNorm_mse_IdentityReweighter": {
        "excess_return_without_cost": {
            "mean": 0.001197607951923925,
            "std": 0.009206899440272816,
            "annualized_return": 0.28503069255789415,
            "information_ratio": 2.0067337266062775,
            "max_drawdown": -0.20407163409653006
        },
        "excess_return_with_cost": {
            "mean": 0.0003940441843585742,
            "std": 0.009209094004998138,
            "annualized_return": 0.09378251587734067,
            "information_ratio": 0.660110277545098,
            "max_drawdown": -0.27128510570457204
        }
    },
    "cn_csi300_open_CSRankNorm_mse_IdentityReweighter_neutralize": {
        "excess_return_without_cost": {
            "mean": 0.0006756525716874494,
            "std": 0.009632235346360487,
            "annualized_return": 0.16080531206161297,
            "information_ratio": 1.082143430856785,
            "max_drawdown": -0.16759588819832472
        },
        "excess_return_with_cost": {
            "mean": 0.00042628750012394727,
            "std": 0.009630092040579704,
            "annualized_return": 0.10145642502949945,
            "information_ratio": 0.6829055444671921,
            "max_drawdown": -0.19797375149421947
        }
    },
    "cn_csi300_open_CSZScoreNorm_mse_IdentityReweighter": {
        "excess_return_without_cost": {
            "mean": 0.0008012766231251826,
            "std": 0.010924546573564078,
            "annualized_return": 0.19070383630379345,
            "information_ratio": 1.1315337982716165,
            "max_drawdown": -0.17850254511840008
        },
        "excess_return_with_cost": {
            "mean": 0.0005357262722123731,
            "std": 0.010928104493606988,
            "annualized_return": 0.1275028527865448,
            "information_ratio": 0.7562869113130398,
            "max_drawdown": -0.19108394637763948
        }
    },
    "cn_csi300_open_CSZScoreNorm_mse_IdentityReweighter_neutralize": {
        "excess_return_without_cost": {
            "mean": 0.0010466811314985584,
            "std": 0.010770749445608947,
            "annualized_return": 0.2491101092966569,
            "information_ratio": 1.4991909452170007,
            "max_drawdown": -0.20869383242799922
        },
        "excess_return_with_cost": {
            "mean": 0.0007415940539621942,
            "std": 0.010767804109767033,
            "annualized_return": 0.17649938484300223,
            "information_ratio": 1.0624966547833656,
            "max_drawdown": -0.30077589505822977
        }
    }
}