{
    "cn_csi300_open_day4_hold2_CSZScoreNorm_mse": {
        "excess_return_without_cost": {
            "mean": 0.0012376467805138942,
            "std": 0.006218334367453164,
            "annualized_return": 0.2945599337623068,
            "information_ratio": 3.0705142983844906,
            "max_drawdown": -0.07753025767251409
        },
        "excess_return_with_cost": {
            "mean": 0.00080406949555358,
            "std": 0.006220215022820138,
            "annualized_return": 0.19136853994175204,
            "information_ratio": 1.9942365288964645,
            "max_drawdown": -0.10651395704491373
        }
    }
}